species,volume,pg pic,phase
Acanthoica quattrospina,146.77,2.15,HET
Acanthoica quattrospina,141.69,6.87,HET
Acanthoica acanthifera,168.4,1.91,HET
Acanthoica quattrospina,169.23,5.68,HET
Acanthoica quattrospina,306.54,8.34,HET
Acanthoica quattrospina,147.37,3.16,HET
Acanthoica quattrospina,118.57,2.98,HET
Acanthoica quattrospina,283.98,4.51,HET
Algirosphaera robusta,1393.48,10.76,HET
Algirosphaera robusta,1388.96,24.6,HET
Algirosphaera robusta,981.9,19.05,HET
Algirosphaera robusta,547.19,15.75,HET
Algirosphaera robusta,616.0,17.81,HET
Alisphaera capulata,80.16,2.14,HET
Calcidiscus leptoporus,2307.1,430.68,HET
Calcidiscus leptoporus,1384.59,212.1,HET
Calcidiscus leptoporus,1384.12,148.23,HET
Calcidiscus leptoporus,2692.28,440.6,HET
Calcidiscus leptoporus,1648.75,205.48,HET
Calcidiscus leptoporus,2091.23,284.5,HET
Calcidiscus leptoporus,2806.64,371.86,HET
Calcidiscus leptoporus,1172.5,184.6,HET
Calcidiscus leptoporus,1152.23,181.11,HET
Calcidiscus leptoporus,1502.83,296.49,HET
Calcidiscus leptoporus,1920.34,251.26,HET
Calcidiscus leptoporus,1646.65,165.36,HET
Calcidiscus leptoporus,1935.51,269.35,HET
Calcidiscus leptoporus,1647.11,234.91,HET
Calcidiscus leptoporus,1705.67,162.88,HET
Calcidiscus leptoporus,1499.17,336.25,HET
Calcidiscus leptoporus,1209.9,237.38,HET
Calcidiscus leptoporus,730.59,104.56,HET
Calciosolenia murrayi,102.69,4.54,HET
Calciosolenia murrayi,109.58,3.26,HET
Calciosolenia murrayi,98.2,3.3,HET
Calciosolenia murrayi,165.62,3.72,HET
Calciosolenia murrayi,73.86,3.44,HET
Calciosolenia murrayi,124.79,3.52,HET
Calciosolenia murrayi,69.37,0.67,HET
Calciosolenia murrayi,136.4,3.25,HET
Calciosolenia murrayi,180.36,4.67,HET
Calciosolenia murrayi,133.61,3.51,HET
Calciosolenia murrayi,136.26,2.75,HET
Calciosolenia murrayi,117.37,3.56,HET
Calyptrolithina multipora,4282.61,56.64,HET
Calyptrolithina multipora,3788.89,49.7,HET
Corisphaera gracilis,118.17,1.46,HOL
Corisphaera tyrrheniensis,166.95,3.42,HOL
Corisphaera tyrrheniensis,140.6,2.94,HOL
Corisphaera gracilis,129.61,1.68,HOL
Corisphaera gracilis,118.71,1.62,HOL
Corisphaera tyrrheniensis,80.78,1.19,HOL
Corisphaera tyrrheniensis,229.13,1.87,HOL
Discosphaera tubifera,29.67,3.11,HET
Discosphaera tubifera,132.97,17.21,HET
Discosphaera tubifera,151.49,12.22,HET
Discosphaera tubifera,143.13,71.07,HET
Discosphaera tubifera,50.14,3.69,HET
Discosphaera tubifera,62.38,9.78,HET
Discosphaera tubifera,38.9,23.52,HET
Discosphaera tubifera,47.73,10.84,HET
Discosphaera tubifera,74.69,16.15,HET
Discosphaera tubifera,87.35,1.01,HET
Discosphaera tubifera,3048.62,46.72,HET
Discosphaera tubifera,22.45,8.37,HET
Discosphaera tubifera,304.48,13.34,HET
Discosphaera tubifera,187.48,8.41,HET
Discosphaera tubifera,172.01,61.96,HET
Discosphaera tubifera,93.19,26.85,HET
Discosphaera tubifera,147.54,49.35,HET
Discosphaera tubifera,68.84,39.01,HET
Discosphaera tubifera,272.45,16.12,HET
Discosphaera tubifera,129.25,24.31,HET
Emiliania huxleyi,45.61,1.36,HET
Emiliania huxleyi,56.08,2.24,HET
Emiliania huxleyi,52.88,2.48,HET
Emiliania huxleyi,125.15,1.73,HET
Emiliania huxleyi,90.58,1.71,HET
Emiliania huxleyi,172.83,2.35,HET
Emiliania huxleyi,64.78,0.84,HET
Emiliania huxleyi,88.74,1.07,HET
Emiliania huxleyi,50.6,1.79,HET
Emiliania huxleyi,55.59,1.14,HET
Emiliania huxleyi,52.07,1.04,HET
Emiliania huxleyi,58.71,0.78,HET
Emiliania huxleyi,94.61,2.88,HET
Emiliania huxleyi,46.3,2.16,HET
Emiliania huxleyi,44.33,1.19,HET
Emiliania huxleyi,93.04,1.85,HET
Emiliania huxleyi,174.86,3.73,HET
Emiliania huxleyi,107.48,1.92,HET
Emiliania huxleyi,62.99,1.81,HET
Emiliania huxleyi,46.39,1.79,HET
Emiliania huxleyi,61.11,5.9,HET
Emiliania huxleyi,85.13,3.04,HET
Emiliania huxleyi,39.27,1.24,HET
Emiliania huxleyi,50.97,0.87,HET
Emiliania huxleyi,46.3,1.12,HET
Emiliania huxleyi,40.88,0.98,HET
Emiliania huxleyi,48.64,0.6,HET
Emiliania huxleyi,63.66,1.73,HET
Emiliania huxleyi,160.75,3.12,HET
Emiliania huxleyi,47.65,1.32,HET
Emiliania huxleyi,44.91,1.3,HET
Emiliania huxleyi,57.94,2.02,HET
Emiliania huxleyi,57.36,1.14,HET
Emiliania huxleyi,42.98,1.03,HET
Emiliania huxleyi,221.78,5.8,HET
Emiliania huxleyi,114.57,2.51,HET
Emiliania huxleyi,52.14,1.71,HET
Emiliania huxleyi,73.71,0.77,HET
Emiliania huxleyi,106.99,3.63,HET
Emiliania huxleyi,60.85,1.14,HET
Emiliania huxleyi,93.99,1.83,HET
Emiliania huxleyi,33.54,0.93,HET
Emiliania huxleyi,37.02,0.53,HET
Emiliania huxleyi,79.77,2.77,HET
Emiliania huxleyi,51.63,0.96,HET
Emiliania huxleyi,83.78,1.21,HET
Emiliania huxleyi,56.58,1.76,HET
Emiliania huxleyi,40.45,1.01,HET
Emiliania huxleyi,39.63,1.43,HET
Emiliania huxleyi,60.14,1.21,HET
Emiliania huxleyi,121.08,3.89,HET
Emiliania huxleyi,45.55,1.67,HET
Emiliania huxleyi,48.26,1.34,HET
Emiliania huxleyi,73.58,1.75,HET
Emiliania huxleyi,181.91,7.06,HET
Emiliania huxleyi,55.94,1.43,HET
Emiliania huxleyi,54.85,2.03,HET
Emiliania huxleyi,76.59,1.65,HET
Emiliania huxleyi,83.78,1.53,HET
Emiliania huxleyi,53.5,2.1,HET
Emiliania huxleyi,68.32,2.64,HET
Emiliania huxleyi,57.76,1.58,HET
Emiliania huxleyi,80.81,2.35,HET
Emiliania huxleyi,62.36,1.72,HET
Emiliania huxleyi,41.34,0.72,HET
Emiliania huxleyi,44.3,0.76,HET
Emiliania huxleyi,59.96,1.14,HET
Emiliania huxleyi,50.3,0.93,HET
Emiliania huxleyi,52.54,0.65,HET
Emiliania huxleyi,67.39,1.65,HET
Emiliania huxleyi,40.28,0.75,HET
Emiliania huxleyi,42.48,1.38,HET
Emiliania huxleyi,42.92,0.77,HET
Emiliania huxleyi,110.91,2.3,HET
Emiliania huxleyi,99.23,2.76,HET
Emiliania huxleyi,95.19,1.65,HET
Emiliania huxleyi,168.88,4.78,HET
Emiliania huxleyi,121.79,4.37,HET
Emiliania huxleyi,46.42,0.96,HET
Emiliania huxleyi,40.99,0.65,HET
Emiliania huxleyi,266.78,5.95,HET
Emiliania huxleyi,313.12,6.63,HET
Emiliania huxleyi,49.58,0.93,HET
Emiliania huxleyi,31.71,0.7,HET
Emiliania huxleyi,71.73,1.65,HET
Emiliania huxleyi,261.01,6.36,HET
Emiliania huxleyi,71.81,1.47,HET
Emiliania huxleyi,205.2,4.98,HET
Emiliania huxleyi,93.89,1.82,HET
Emiliania huxleyi,62.24,1.75,HET
Emiliania huxleyi,63.12,1.21,HET
Emiliania huxleyi,58.93,3.71,HET
Emiliania huxleyi,491.75,6.67,HET
Emiliania huxleyi,56.83,1.84,HET
Emiliania huxleyi,48.54,1.57,HET
Emiliania huxleyi,35.96,1.08,HET
Emiliania huxleyi,46.99,1.32,HET
Emiliania huxleyi,305.05,6.03,HET
Emiliania huxleyi,41.98,0.95,HET
Emiliania huxleyi,39.07,1.61,HET
Emiliania huxleyi,55.34,1.67,HET
Emiliania huxleyi,46.99,1.06,HET
Emiliania huxleyi,74.9,2.21,HET
Emiliania huxleyi,49.58,1.09,HET
Emiliania huxleyi,112.76,2.92,HET
Emiliania huxleyi,75.9,1.09,HET
Emiliania huxleyi,52.68,1.5,HET
Emiliania huxleyi,46.99,1.1,HET
Emiliania huxleyi,52.54,1.51,HET
Emiliania huxleyi,50.07,0.7,HET
Emiliania huxleyi,66.6,2.36,HET
Emiliania huxleyi,40.45,1.89,HET
Emiliania huxleyi,37.02,1.16,HET
Emiliania huxleyi,31.71,0.8,HET
Emiliania huxleyi,39.55,0.5,HET
Emiliania huxleyi,61.94,1.86,HET
Emiliania huxleyi,50.01,1.69,HET
Emiliania huxleyi,51.2,1.17,HET
Emiliania huxleyi,176.38,3.64,HET
Emiliania huxleyi,54.5,1.52,HET
Emiliania huxleyi,62.21,2.15,HET
Emiliania huxleyi,68.52,1.05,HET
Emiliania huxleyi,40.59,1.26,HET
Emiliania huxleyi,44.06,0.87,HET
Emiliania huxleyi,30.75,0.4,HET
Emiliania huxleyi,51.0,1.12,HET
Emiliania huxleyi,88.64,1.67,HET
Emiliania huxleyi,39.55,1.08,HET
Emiliania huxleyi,54.5,1.28,HET
Emiliania huxleyi,41.05,0.85,HET
Emiliania huxleyi,65.88,0.89,HET
Emiliania huxleyi,60.7,1.7,HET
Emiliania huxleyi,50.83,0.74,HET
Emiliania huxleyi,72.57,1.73,HET
Emiliania huxleyi,56.54,1.82,HET
Emiliania huxleyi,64.16,0.79,HET
Emiliania huxleyi,51.06,1.37,HET
Emiliania huxleyi,75.42,1.19,HET
Emiliania huxleyi,81.95,0.88,HET
Emiliania huxleyi,67.35,2.75,HET
Emiliania huxleyi,60.85,1.92,HET
Emiliania huxleyi,48.51,0.88,HET
Emiliania huxleyi,36.7,1.21,HET
Emiliania huxleyi,122.03,2.31,HET
Emiliania huxleyi,50.87,1.56,HET
Emiliania huxleyi,111.02,2.19,HET
Emiliania huxleyi,60.85,0.95,HET
Emiliania huxleyi,125.7,2.42,HET
Emiliania huxleyi,51.77,1.28,HET
Emiliania huxleyi,69.09,0.9,HET
Emiliania huxleyi,50.27,1.27,HET
Emiliania huxleyi,63.08,1.65,HET
Emiliania huxleyi,97.84,1.71,HET
Emiliania huxleyi,63.62,1.0,HET
Emiliania huxleyi,166.75,1.76,HET
Emiliania huxleyi,58.09,0.79,HET
Emiliania huxleyi,60.85,0.9,HET
Emiliania huxleyi,31.2,1.21,HET
Emiliania huxleyi,53.22,0.75,HET
Emiliania huxleyi,50.04,0.99,HET
Emiliania huxleyi,46.99,1.42,HET
Emiliania huxleyi,47.17,1.09,HET
Emiliania huxleyi,55.37,0.64,HET
Emiliania huxleyi,66.48,1.11,HET
Emiliania huxleyi,74.9,1.49,HET
Emiliania huxleyi,52.95,1.7,HET
Emiliania huxleyi,80.95,1.08,HET
Emiliania huxleyi,106.17,1.69,HET
Emiliania huxleyi,63.74,2.18,HET
Emiliania huxleyi,80.04,2.08,HET
Emiliania huxleyi,47.74,1.01,HET
Emiliania huxleyi,56.68,1.24,HET
Emiliania huxleyi,75.25,3.57,HET
Emiliania huxleyi,52.68,0.79,HET
Emiliania huxleyi,14.52,0.16,HET
Emiliania huxleyi,371.49,5.35,HET
Emiliania huxleyi,128.45,3.22,HET
Emiliania huxleyi,36.43,0.58,HET
Emiliania huxleyi,42.33,1.01,HET
Emiliania huxleyi,56.83,1.2,HET
Emiliania huxleyi,61.53,1.38,HET
Emiliania huxleyi,61.71,1.16,HET
Emiliania huxleyi,63.62,1.97,HET
Emiliania huxleyi,94.04,1.85,HET
Emiliania huxleyi,130.24,2.32,HET
Emiliania huxleyi,201.47,5.24,HET
Emiliania huxleyi,79.96,3.53,HET
Emiliania huxleyi,101.87,3.08,HET
Emiliania huxleyi,146.82,9.6,HET
Emiliania huxleyi,36.75,2.04,HET
Emiliania huxleyi,152.45,5.85,HET
Emiliania huxleyi,174.57,4.07,HET
Emiliania huxleyi,82.03,4.09,HET
Emiliania huxleyi,70.7,3.74,HET
Emiliania huxleyi,150.14,6.6,HET
Emiliania huxleyi,322.89,8.82,HET
Emiliania huxleyi,342.42,12.95,HET
Emiliania huxleyi,291.59,18.99,HET
Emiliania huxleyi,382.38,11.84,HET
Emiliania huxleyi,221.11,10.73,HET
Emiliania huxleyi,355.71,15.57,HET
Emiliania huxleyi,109.6,3.35,HET
Emiliania huxleyi,175.25,7.87,HET
Emiliania huxleyi,84.04,2.03,HET
Emiliania huxleyi,417.16,15.5,HET
Emiliania huxleyi,466.33,15.19,HET
Emiliania huxleyi,580.91,23.39,HET
Emiliania huxleyi,257.99,7.35,HET
Emiliania huxleyi,79.46,4.55,HET
Emiliania huxleyi,75.02,3.82,HET
Emiliania huxleyi,215.89,15.54,HET
Emiliania huxleyi,74.26,2.8,HET
Emiliania huxleyi,317.03,6.87,HET
Emiliania huxleyi,639.62,14.37,HET
Emiliania huxleyi,205.11,7.87,HET
Emiliania huxleyi,568.25,23.35,HET
Emiliania huxleyi,445.33,18.11,HET
Emiliania huxleyi,323.5,10.08,HET
Emiliania huxleyi,365.22,9.15,HET
Emiliania huxleyi,190.27,9.77,HET
Emiliania huxleyi,113.08,8.29,HET
Emiliania huxleyi,256.1,7.02,HET
Emiliania huxleyi,412.75,22.22,HET
Emiliania huxleyi,481.92,14.81,HET
Emiliania huxleyi,188.3,9.83,HET
Emiliania huxleyi,290.74,11.44,HET
Emiliania huxleyi,96.56,3.28,HET
Emiliania huxleyi,380.38,17.01,HET
Emiliania huxleyi,494.03,14.41,HET
Emiliania huxleyi,108.96,5.24,HET
Emiliania huxleyi,234.56,13.95,HET
Emiliania huxleyi,206.38,11.66,HET
Emiliania huxleyi,523.35,14.8,HET
Emiliania huxleyi,86.64,4.76,HET
Emiliania huxleyi,129.43,5.5,HET
Emiliania huxleyi,329.19,9.26,HET
Emiliania huxleyi,123.52,6.21,HET
Emiliania huxleyi,336.59,17.53,HET
Emiliania huxleyi,329.68,18.11,HET
Emiliania huxleyi,221.39,8.1,HET
Emiliania huxleyi,43.97,2.32,HET
Emiliania huxleyi,180.93,10.24,HET
Emiliania huxleyi,50.91,1.13,HET
Emiliania huxleyi,294.09,8.41,HET
Emiliania huxleyi,85.78,2.88,HET
Emiliania huxleyi,237.08,10.65,HET
Emiliania huxleyi,825.88,31.42,HET
Emiliania huxleyi,170.64,9.04,HET
Emiliania huxleyi,78.45,2.91,HET
Emiliania huxleyi,145.18,8.96,HET
Emiliania huxleyi,128.46,7.75,HET
Emiliania huxleyi,96.2,6.88,HET
Emiliania huxleyi,145.26,7.25,HET
Emiliania huxleyi,51.34,0.7,HET
Emiliania huxleyi,97.0,4.08,HET
Emiliania huxleyi,88.55,2.81,HET
Emiliania huxleyi,90.87,6.02,HET
Emiliania huxleyi,64.95,2.45,HET
Emiliania huxleyi,92.15,11.0,HET
Emiliania huxleyi,108.18,3.64,HET
Emiliania huxleyi,143.02,4.65,HET
Emiliania huxleyi,128.42,6.19,HET
Emiliania huxleyi,248.47,10.87,HET
Emiliania huxleyi,121.67,4.54,HET
Emiliania huxleyi,260.97,7.64,HET
Emiliania huxleyi,416.4,19.84,HET
Emiliania huxleyi,101.42,2.19,HET
Emiliania huxleyi,77.45,2.02,HET
Emiliania huxleyi,466.77,6.27,HET
Emiliania huxleyi,110.66,4.18,HET
Emiliania huxleyi,143.76,3.02,HET
Emiliania huxleyi,242.91,10.14,HET
Emiliania huxleyi,46.92,1.55,HET
Emiliania huxleyi,139.74,4.76,HET
Emiliania huxleyi,138.69,3.37,HET
Emiliania huxleyi,87.4,2.48,HET
Emiliania huxleyi,101.42,2.83,HET
Emiliania huxleyi,85.18,5.08,HET
Emiliania huxleyi,137.19,4.93,HET
Emiliania huxleyi,254.74,7.75,HET
Emiliania huxleyi,257.18,3.83,HET
Emiliania huxleyi,460.5,14.29,HET
Emiliania huxleyi,124.85,6.38,HET
Emiliania huxleyi,479.5,15.83,HET
Emiliania huxleyi,67.07,1.32,HET
Emiliania huxleyi,530.0,19.35,HET
Emiliania huxleyi,500.76,10.2,HET
Emiliania huxleyi,81.4,2.84,HET
Emiliania huxleyi,118.45,5.84,HET
Emiliania huxleyi,86.4,2.91,HET
Emiliania huxleyi,117.17,3.88,HET
Emiliania huxleyi,101.51,5.95,HET
Emiliania huxleyi,288.5,19.45,HET
Emiliania huxleyi,268.35,10.62,HET
Emiliania huxleyi,134.59,6.95,HET
Emiliania huxleyi,261.01,5.63,HET
Emiliania huxleyi,109.13,4.4,HET
Emiliania huxleyi,32.2,0.81,HET
Emiliania huxleyi,130.69,6.65,HET
Emiliania huxleyi,277.77,8.49,HET
Emiliania huxleyi,266.11,12.58,HET
Emiliania huxleyi,356.82,12.86,HET
Emiliania huxleyi,156.87,4.56,HET
Emiliania huxleyi,157.76,5.02,HET
Emiliania huxleyi,236.53,5.74,HET
Emiliania huxleyi,162.13,13.68,HET
Emiliania huxleyi,96.26,3.44,HET
Emiliania huxleyi,220.1,10.07,HET
Emiliania huxleyi,88.65,4.88,HET
Emiliania huxleyi,183.71,4.62,HET
Emiliania huxleyi,60.06,3.2,HET
Emiliania huxleyi,294.42,11.46,HET
Emiliania huxleyi,143.93,5.23,HET
Emiliania huxleyi,293.18,7.22,HET
Emiliania huxleyi,185.88,5.66,HET
Emiliania huxleyi,163.39,17.86,HET
Emiliania huxleyi,129.79,3.6,HET
Emiliania huxleyi,276.2,10.72,HET
Emiliania huxleyi,151.14,3.73,HET
Emiliania huxleyi,133.14,4.54,HET
Emiliania huxleyi,218.86,8.12,HET
Emiliania huxleyi,185.08,7.95,HET
Emiliania huxleyi,151.62,8.68,HET
Emiliania huxleyi,249.26,7.6,HET
Emiliania huxleyi,132.87,3.65,HET
Emiliania huxleyi,54.76,2.35,HET
Emiliania huxleyi,263.68,14.81,HET
Emiliania huxleyi,183.0,4.32,HET
Emiliania huxleyi,96.03,2.61,HET
Emiliania huxleyi,242.29,4.71,HET
Emiliania huxleyi,210.31,7.12,HET
Emiliania huxleyi,148.62,3.38,HET
Emiliania huxleyi,64.47,2.06,HET
Emiliania huxleyi,100.04,5.92,HET
Emiliania huxleyi,114.35,4.0,HET
Emiliania huxleyi,173.61,4.88,HET
Emiliania huxleyi,162.87,7.57,HET
Emiliania huxleyi,101.42,5.32,HET
Florisphaera profunda,214.68,34.36,HET
Florisphaera profunda,287.96,40.56,HET
Gephyrocapsa ericsonii,80.67,6.87,HET
Gephyrocapsa ericsonii,17.78,0.87,HET
Gephyrocapsa ericsonii,20.56,0.68,HET
Gephyrocapsa ericsonii,11.28,1.04,HET
Gephyrocapsa ericsonii,27.84,2.87,HET
Gephyrocapsa ericsonii,16.52,1.45,HET
Gephyrocapsa ericsonii,16.29,1.04,HET
Gephyrocapsa ericsonii,24.85,3.33,HET
Gephyrocapsa ericsonii,13.45,2.1,HET
Gephyrocapsa ericsonii,17.37,0.6,HET
Gephyrocapsa ornata,34.3,3.59,HET
Gephyrocapsa ericsonii,14.83,0.49,HET
Gephyrocapsa ericsonii,14.93,0.7,HET
Gephyrocapsa ericsonii,17.42,2.89,HET
Gephyrocapsa ericsonii,39.97,3.31,HET
Gephyrocapsa ericsonii,23.2,1.23,HET
Gephyrocapsa ericsonii,35.38,3.72,HET
Gephyrocapsa ericsonii,25.19,3.11,HET
Gephyrocapsa ericsonii,31.12,1.3,HET
Gephyrocapsa ericsonii,34.16,2.64,HET
Gephyrocapsa ericsonii,26.23,2.19,HET
Gephyrocapsa ericsonii,10.98,0.59,HET
Gephyrocapsa parvula,40.41,2.11,HET
Gephyrocapsa ericsonii,23.83,1.47,HET
Gephyrocapsa ericsonii,16.29,1.84,HET
Gephyrocapsa ericsonii,23.84,0.81,HET
Gephyrocapsa ericsonii,19.79,1.33,HET
Gephyrocapsa ericsonii,27.3,0.81,HET
Gephyrocapsa ericsonii,12.71,1.04,HET
Gephyrocapsa ericsonii,18.65,1.66,HET
Gephyrocapsa ericsonii,19.44,1.25,HET
Gephyrocapsa ericsonii,27.36,2.5,HET
Gephyrocapsa ericsonii,18.71,1.28,HET
Gephyrocapsa ericsonii,16.6,1.04,HET
Gephyrocapsa ericsonii,33.55,1.12,HET
Gephyrocapsa ericsonii,11.91,0.77,HET
Gephyrocapsa ericsonii,10.48,1.07,HET
Gephyrocapsa ericsonii,14.44,0.55,HET
Gephyrocapsa ericsonii,9.32,1.49,HET
Gephyrocapsa ericsonii,14.12,0.53,HET
Gephyrocapsa ericsonii,24.63,3.2,HET
Gephyrocapsa ericsonii,11.36,1.59,HET
Gephyrocapsa ericsonii,9.93,0.88,HET
Gephyrocapsa ericsonii,9.93,0.59,HET
Gephyrocapsa ericsonii,9.7,0.42,HET
Gephyrocapsa ericsonii,10.78,0.8,HET
Gephyrocapsa ericsonii,13.48,0.98,HET
Gephyrocapsa ericsonii,14.49,0.87,HET
Gephyrocapsa ericsonii,9.45,1.24,HET
Gephyrocapsa ericsonii,11.6,1.29,HET
Gephyrocapsa ericsonii,13.17,1.05,HET
Gephyrocapsa ericsonii,13.79,1.59,HET
Gephyrocapsa ericsonii,15.16,1.0,HET
Gephyrocapsa ericsonii,16.26,0.94,HET
Gephyrocapsa ericsonii,23.86,2.17,HET
Gephyrocapsa ericsonii,20.95,0.72,HET
Gephyrocapsa ericsonii,13.81,0.95,HET
Gephyrocapsa ericsonii,10.19,0.47,HET
Gephyrocapsa ericsonii,26.07,1.49,HET
Gephyrocapsa ericsonii,17.78,0.51,HET
Gephyrocapsa ericsonii,19.4,1.86,HET
Gephyrocapsa ericsonii,11.07,1.69,HET
Gephyrocapsa ericsonii,18.21,1.11,HET
Gephyrocapsa ericsonii,16.23,0.89,HET
Gephyrocapsa ericsonii,24.8,0.73,HET
Gephyrocapsa ericsonii,10.45,1.03,HET
Gephyrocapsa ericsonii,11.32,0.72,HET
Gephyrocapsa ericsonii,11.3,0.88,HET
Gephyrocapsa ericsonii,15.52,1.26,HET
Gephyrocapsa ericsonii,9.93,0.39,HET
Gephyrocapsa ericsonii,9.54,0.81,HET
Gephyrocapsa muellerae,62.7,10.19,HET
Gephyrocapsa parvula,12.53,0.92,HET
Gephyrocapsa ericsonii,16.16,2.38,HET
Gephyrocapsa parvula,17.61,2.07,HET
Gephyrocapsa ericsonii,12.26,0.62,HET
Gephyrocapsa parvula,9.35,0.76,HET
Gephyrocapsa ericsonii,10.78,0.35,HET
Gephyrocapsa ericsonii,12.79,0.77,HET
Gephyrocapsa ericsonii,8.9,0.55,HET
Gephyrocapsa ericsonii,10.74,0.56,HET
Gephyrocapsa ericsonii,11.3,0.54,HET
Gephyrocapsa ericsonii,13.2,0.43,HET
Gephyrocapsa parvula,10.98,0.77,HET
Gephyrocapsa parvula,14.48,1.2,HET
Gephyrocapsa parvula,14.49,1.28,HET
Gephyrocapsa ericsonii,9.64,0.52,HET
Gephyrocapsa ericsonii,14.92,1.6,HET
Gephyrocapsa ericsonii,9.66,0.74,HET
Gephyrocapsa parvula,17.01,0.68,HET
Gephyrocapsa parvula,14.48,1.38,HET
Gephyrocapsa ericsonii,14.47,0.72,HET
Gephyrocapsa ericsonii,8.9,0.5,HET
Gephyrocapsa ericsonii,14.14,0.62,HET
Gephyrocapsa parvula,20.25,1.63,HET
Gephyrocapsa ericsonii,18.58,0.86,HET
Gephyrocapsa ericsonii,15.55,0.81,HET
Gephyrocapsa ericsonii,9.16,0.18,HET
Gephyrocapsa muellerae,57.42,8.31,HET
Gephyrocapsa ericsonii,15.16,0.77,HET
Gephyrocapsa ericsonii,14.82,0.61,HET
Gephyrocapsa muellerae,84.82,18.2,HET
Gephyrocapsa ericsonii,10.76,1.11,HET
Gephyrocapsa muellerae,64.48,6.0,HET
Gephyrocapsa ornata,63.99,7.53,HET
Gephyrocapsa ericsonii,14.63,1.45,HET
Gephyrocapsa ericsonii,10.48,0.72,HET
Gephyrocapsa ericsonii,13.6,1.04,HET
Gephyrocapsa ericsonii,12.83,0.89,HET
Gephyrocapsa ericsonii,9.12,0.56,HET
Gephyrocapsa ericsonii,12.26,1.02,HET
Gephyrocapsa ericsonii,14.36,1.15,HET
Gephyrocapsa ericsonii,11.03,0.7,HET
Gephyrocapsa ericsonii,9.15,0.85,HET
Gephyrocapsa ericsonii,10.48,0.63,HET
Gephyrocapsa ericsonii,8.41,0.52,HET
Gephyrocapsa ericsonii,8.4,0.5,HET
Gephyrocapsa ericsonii,11.34,0.62,HET
Gephyrocapsa ericsonii,11.03,0.84,HET
Gephyrocapsa ericsonii,12.22,0.88,HET
Gephyrocapsa parvula,10.19,0.78,HET
Gephyrocapsa parvula,11.61,1.12,HET
Gephyrocapsa ericsonii,11.33,0.68,HET
Gephyrocapsa ericsonii,14.12,0.69,HET
Gephyrocapsa parvula,17.78,1.32,HET
Gephyrocapsa muellerae,59.53,9.62,HET
Gephyrocapsa parvula,17.81,0.76,HET
Gephyrocapsa muellerae,101.43,10.44,HET
Gephyrocapsa ornata,61.11,3.25,HET
Gephyrocapsa parvula,9.36,0.59,HET
Gephyrocapsa muellerae,55.0,6.16,HET
Gephyrocapsa muellerae,49.24,5.67,HET
Gephyrocapsa muellerae,40.56,5.39,HET
Gephyrocapsa ornata,37.25,3.66,HET
Gephyrocapsa parvula,12.83,1.09,HET
Gephyrocapsa muellerae,106.53,9.0,HET
Gephyrocapsa parvula,15.16,1.12,HET
Gephyrocapsa parvula,14.44,0.83,HET
Gephyrocapsa muellerae,66.55,5.16,HET
Gephyrocapsa muellerae,94.12,10.51,HET
Gephyrocapsa muellerae,118.55,15.9,HET
Gephyrocapsa muellerae,88.04,10.07,HET
Gephyrocapsa parvula,19.44,1.6,HET
Gephyrocapsa muellerae,79.53,12.5,HET
Gephyrocapsa parvula,15.53,1.66,HET
Gephyrocapsa parvula,15.88,0.96,HET
Gephyrocapsa ornata,29.49,5.69,HET
Gephyrocapsa muellerae,52.46,4.52,HET
Gephyrocapsa parvula,13.14,0.99,HET
Gephyrocapsa muellerae,63.65,6.82,HET
Gephyrocapsa ornata,25.81,3.53,HET
Gephyrocapsa parvula,12.52,0.34,HET
Gephyrocapsa muellerae,57.46,10.04,HET
Gephyrocapsa muellerae,72.29,5.51,HET
Gephyrocapsa muellerae,75.39,8.31,HET
Gephyrocapsa muellerae,65.73,5.76,HET
Gephyrocapsa muellerae,88.32,7.36,HET
Gephyrocapsa muellerae,56.66,6.59,HET
Gephyrocapsa muellerae,84.09,9.64,HET
Gephyrocapsa muellerae,57.4,7.43,HET
Gephyrocapsa muellerae,127.17,11.63,HET
Gephyrocapsa muellerae,42.02,4.11,HET
Gephyrocapsa muellerae,89.44,14.4,HET
Gephyrocapsa muellerae,92.92,13.44,HET
Gephyrocapsa ornata,45.5,4.12,HET
Gephyrocapsa muellerae,64.3,6.94,HET
Gephyrocapsa muellerae,54.23,6.59,HET
Gephyrocapsa muellerae,62.53,4.74,HET
Gephyrocapsa muellerae,78.43,6.93,HET
Gephyrocapsa muellerae,63.6,8.32,HET
Gephyrocapsa muellerae,111.54,8.4,HET
Gephyrocapsa muellerae,61.01,9.29,HET
Gephyrocapsa muellerae,57.35,10.12,HET
Gephyrocapsa ornata,35.97,5.2,HET
Gephyrocapsa muellerae,71.23,7.54,HET
Gephyrocapsa muellerae,82.39,6.91,HET
Gephyrocapsa muellerae,68.74,7.17,HET
Gephyrocapsa muellerae,51.58,3.46,HET
Gephyrocapsa muellerae,78.18,13.39,HET
Gephyrocapsa muellerae,59.14,7.15,HET
Gephyrocapsa muellerae,74.08,4.17,HET
Gephyrocapsa muellerae,78.37,9.39,HET
Gephyrocapsa muellerae,58.25,10.91,HET
Gephyrocapsa muellerae,74.21,9.11,HET
Gephyrocapsa muellerae,72.22,7.71,HET
Gephyrocapsa muellerae,65.42,8.79,HET
Gephyrocapsa muellerae,58.31,6.61,HET
Helicosphaera pavimentum,485.52,30.57,HET
Helicosphaera carteri,2694.65,196.53,HET
Helicosphaera hyalina,1163.93,148.53,HET
Helicosphaera wallichii,5275.0,347.17,HET
Helicosphaera pavimentum,1882.65,104.67,HET
Helicosphaera wallichii,946.75,117.08,HET
Helicosphaera wallichii,1173.85,169.84,HET
Helicosphaera wallichii,938.71,154.31,HET
Helicosphaera hyalina,1029.8,55.52,HET
Helicosphaera hyalina,680.34,57.4,HET
Helicosphaera pavimentum,1491.68,124.95,HET
Helicosphaera wallichii,1455.65,221.78,HET
Helladosphaera cornifera,107.94,2.22,HOL
Helladosphaera cornifera,86.79,2.04,HOL
Helladosphaera cornifera,190.84,2.59,HOL
Helladosphaera cornifera,243.67,1.56,HOL
Helladosphaera cornifera,627.16,5.71,HOL
Helladosphaera cornifera,351.97,2.06,HOL
Helladosphaera cornifera,108.53,2.5,HOL
Helladosphaera cornifera,510.64,4.31,HOL
Helladosphaera cornifera,188.3,2.32,HOL
Helladosphaera cornifera,133.94,2.18,HOL
Homozygosphaera spinosa,177.7,5.95,HOL
Homozygosphaera spinosa,116.41,0.61,HOL
Michaelsarsia elegans,283.5,17.93,HET
Michaelsarsia elegans,185.27,17.43,HET
Michaelsarsia elegans,231.76,21.45,HET
Michaelsarsia elegans,213.59,14.51,HET
Michaelsarsia elegans,352.71,16.99,HET
Oolithotus antillarum,523.3,54.4,HET
Oolithotus antillarum,322.34,33.56,HET
Oolithotus antillarum,403.99,71.87,HET
Oolithotus antillarum,120.71,15.34,HET
Oolithotus antillarum,207.44,35.93,HET
Oolithotus antillarum,287.69,28.18,HET
Oolithotus antillarum,229.2,36.53,HET
Oolithotus antillarum,167.87,15.57,HET
Oolithotus antillarum,52.82,12.84,HET
Oolithotus antillarum,104.21,13.93,HET
Oolithotus fragilis,1761.6,178.75,HET
Oolithotus antillarum,187.05,22.13,HET
Oolithotus antillarum,151.98,15.66,HET
Oolithotus antillarum,92.92,5.22,HET
Oolithotus antillarum,148.81,13.37,HET
Oolithotus antillarum,80.33,14.78,HET
Oolithotus antillarum,309.66,38.23,HET
Oolithotus antillarum,400.29,30.77,HET
Oolithotus antillarum,190.59,35.02,HET
Oolithotus antillarum,219.58,26.06,HET
Oolithotus antillarum,306.05,29.21,HET
Oolithotus antillarum,234.64,15.17,HET
Oolithotus antillarum,102.44,14.84,HET
Oolithotus antillarum,230.76,48.21,HET
Oolithotus antillarum,295.76,42.24,HET
Oolithotus antillarum,205.59,21.09,HET
Oolithotus antillarum,229.62,46.82,HET
Oolithotus antillarum,128.57,15.76,HET
Oolithotus antillarum,72.95,17.05,HET
Oolithotus antillarum,243.22,36.67,HET
Oolithotus fragilis,947.39,123.66,HET
Oolithotus fragilis,1561.61,138.18,HET
Oolithotus antillarum,191.38,15.07,HET
Oolithotus antillarum,139.39,7.64,HET
Ophiaster formosus,106.1,4.43,HET
Ophiaster formosus,115.91,4.48,HET
Rhabdosphaera clavigera,108.07,11.56,HET
Rhabdosphaera clavigera,158.59,17.75,HET
Rhabdosphaera clavigera,199.12,24.75,HET
Rhabdosphaera clavigera,209.48,28.8,HET
Rhabdosphaera clavigera,134.94,19.49,HET
Rhabdosphaera clavigera,148.46,16.07,HET
Rhabdosphaera clavigera,159.64,20.34,HET
Rhabdosphaera clavigera,101.12,9.52,HET
Rhabdosphaera clavigera,206.07,15.95,HET
Rhabdosphaera clavigera,198.17,22.68,HET
Rhabdosphaera clavigera,146.87,19.5,HET
Rhabdosphaera clavigera,158.48,18.64,HET
Rhabdosphaera clavigera,361.61,26.2,HET
Rhabdosphaera clavigera,241.56,21.89,HET
Rhabdosphaera clavigera,128.08,16.15,HET
Rhabdosphaera clavigera,178.52,12.38,HET
Rhabdosphaera clavigera,202.33,13.0,HET
Rhabdosphaera clavigera,505.43,56.11,HET
Syracosphaera nodosa,224.98,4.97,HET
Syracosphaera bannockii,77.07,1.19,HET
Syracosphaera molischii,78.22,1.01,HET
Syracosphaera nodosa,211.92,8.55,HET
Syracosphaera bannockii,249.43,1.99,HET
Syracosphaera molischii,85.46,1.99,HET
Syracosphaera ossa,112.03,2.83,HET
Syracosphaera pulchra HOL oblonga type,1782.74,12.07,HOL
Syracosphaera molischii,63.01,0.71,HET
Syracosphaera hastata,120.8,1.18,HET
Syracosphaera nodosa,59.04,1.01,HET
Syracosphaera bannockii,249.43,1.75,HET
Syracosphaera prolongata,48.19,0.79,HET
Syracosphaera nodosa,85.32,1.14,HET
Syracosphaera aurisinae HOL,321.69,7.71,HOL
Syracosphaera nodosa,100.84,1.15,HET
Syracosphaera orbiculus,54.38,0.49,HET
Syracosphaera hastata,53.99,1.13,HET
Syracosphaera pulchra HOL pirus type,2261.17,27.44,HOL
Syracosphaera aurisinae HOL,319.53,7.48,HOL
Syracosphaera ossa,156.57,4.32,HET
Syracosphaera ossa,183.86,2.64,HET
Syracosphaera aurisinae HOL,504.86,9.45,HOL
Syracosphaera molischii,107.88,2.17,HET
Syracosphaera molischii,113.69,2.98,HET
Syracosphaera molischii,207.96,4.37,HET
Syracosphaera mediterranea HOL wettsteinii type,317.82,5.54,HOL
Syracosphaera noroitica,41.47,1.58,HET
Syracosphaera noroitica,73.12,0.91,HET
Syracosphaera anthos HOL,1152.57,11.34,HOL
Syracosphaera strigilis HOL,143.5,2.1,HOL
Syracosphaera ossa,193.35,4.14,HET
Syracosphaera bannockii,321.12,9.47,HET
Syracosphaera bannockii HOL,49.9,1.25,HOL
Syracosphaera ossa,143.43,2.39,HET
Syracosphaera ossa,97.17,4.22,HET
Syracosphaera ossa,131.87,3.18,HET
Syracosphaera pulchra,2738.66,69.09,HET
Syracosphaera ossa,145.2,2.88,HET
Syracosphaera ossa,154.62,5.04,HET
Syracosphaera prolongata,772.2,10.02,HET
Syracosphaera bannockii HOL,150.19,2.8,HOL
Syracosphaera bannockii HOL,88.07,1.81,HOL
Syracosphaera castellata,17.72,0.51,HET
Syracosphaera ossa,140.16,4.17,HET
Syracosphaera ossa,101.37,2.4,HET
Syracosphaera bannockii HOL,95.81,0.95,HOL
Syracosphaera prolongata,351.97,3.11,HET
Syracosphaera ossa,89.23,2.46,HET
Syracosphaera prolongata,868.24,3.29,HET
Syracosphaera halldalii,23.86,0.26,HET
Syracosphaera prolongata,247.01,3.27,HET
Syracosphaera molischii,172.79,1.63,HET
Syracosphaera ossa,132.03,3.97,HET
Syracosphaera halldalii,43.61,1.33,HET
Syracosphaera halldalii,870.08,9.89,HET
Syracosphaera ossa,79.45,1.57,HET
Syracosphaera noroitica,58.55,0.6,HET
Syracosphaera histrica HOL,181.63,4.03,HOL
Syracosphaera mediterranea HOL wettsteinii type,3227.32,15.04,HOL
Syracosphaera anthos,161.07,1.42,HET
Syracosphaera nodosa,511.08,4.84,HET
Syracosphaera anthos,449.11,6.9,HET
Syracosphaera leptolepsis,98.62,1.21,HET
Syracosphaera pulchra,1140.93,23.15,HET
Syracosphaera leptolepsis,653.2,2.54,HET
Syracosphaera bannockii,164.27,2.85,HET
Syracosphaera pulchra,2387.83,68.21,HET
Syracosphaera pulchra,4126.94,118.66,HET
Syracosphaera pulchra,1539.64,113.77,HET
Syracosphaera histrica,948.84,10.91,HET
Syracosphaera pulchra,682.94,27.59,HET
Syracosphaera bannockii HOL,79.75,1.07,HOL
Syracosphaera mediterranea,2492.06,35.93,HET
Syracosphaera ossa,126.66,2.09,HET
Syracosphaera aurisinae HOL,517.63,12.96,HOL
Syracosphaera bannockii HOL,109.13,2.75,HOL
Syracosphaera ossa,119.38,3.18,HET
Syracosphaera ossa,125.79,2.71,HET
Syracosphaera nodosa,173.21,2.11,HET
Syracosphaera molischii,282.76,2.69,HET
Syracosphaera ossa,176.37,5.58,HET
Syracosphaera ossa,99.72,5.19,HET
Syracosphaera ossa,179.27,6.4,HET
Syracosphaera pulchra,2713.46,69.69,HET
Syracosphaera prolongata,285.36,4.96,HET
Syracosphaera ossa,174.12,4.14,HET
Syracosphaera nodosa,348.25,11.95,HET
Syracosphaera nodosa,79.47,1.52,HET
Syracosphaera prolongata,474.17,2.31,HET
Syracosphaera molischii,212.25,3.17,HET
Syracosphaera nodosa,222.97,4.53,HET
Syracosphaera molischii,114.28,4.27,HET
Syracosphaera reniformis,56.5,0.59,HET
Syracosphaera anthos,168.59,3.53,HET
Syracosphaera reniformis,65.49,1.41,HET
Syracosphaera reniformis,59.26,1.53,HET
Syracosphaera reniformis,84.97,3.04,HET
Tetralithoides quadrilaminata,3840.17,52.89,HET
Tetralithoides quadrilaminata,5301.99,31.79,HET
Tetralithoides quadrilaminata,3846.69,39.3,HET
Tetralithoides quadrilaminata,3607.43,61.02,HET
Tetralithoides quadrilaminata,4531.36,33.85,HET
Umbellosphaera tenuis,144.85,2.86,HET
Umbellosphaera tenuis,333.31,6.32,HET
Umbellosphaera tenuis,283.81,4.0,HET
Umbellosphaera tenuis,269.69,2.28,HET
Umbellosphaera tenuis,241.56,6.05,HET
Umbellosphaera tenuis,370.54,6.01,HET
Umbellosphaera tenuis,246.75,9.68,HET
Umbellosphaera tenuis,527.93,11.19,HET
Umbellosphaera tenuis,444.02,11.87,HET
Umbellosphaera tenuis,350.62,5.88,HET
Umbellosphaera tenuis,286.38,3.49,HET
Umbellosphaera tenuis,483.31,10.52,HET
Umbellosphaera tenuis,163.58,6.41,HET
Umbellosphaera tenuis,513.64,10.96,HET
Umbellosphaera tenuis,427.76,6.69,HET
Umbellosphaera tenuis,640.53,8.02,HET
Umbellosphaera tenuis,348.03,5.99,HET
Umbellosphaera irregularis,256.62,4.17,HET
Umbellosphaera tenuis,432.26,11.06,HET
Umbellosphaera tenuis,322.84,4.69,HET
Umbellosphaera tenuis,294.48,11.57,HET
Umbellosphaera tenuis,322.73,8.09,HET
Umbellosphaera tenuis,233.16,9.72,HET
Umbellosphaera tenuis,212.83,4.23,HET
Umbellosphaera irregularis,636.21,16.96,HET
Umbellosphaera tenuis,532.27,10.0,HET
Umbellosphaera tenuis,302.45,7.11,HET
Umbellosphaera tenuis,359.74,4.55,HET
Umbellosphaera irregularis,906.59,16.98,HET
Umbellosphaera tenuis,254.55,4.29,HET
Umbellosphaera tenuis,409.35,7.09,HET
Umbellosphaera tenuis,422.12,9.8,HET
Umbellosphaera tenuis,397.14,15.53,HET
Umbellosphaera tenuis,380.42,9.05,HET
Umbellosphaera tenuis,358.77,6.21,HET
Umbellosphaera irregularis,1218.8,15.85,HET
Umbellosphaera tenuis,508.12,6.14,HET
Umbellosphaera tenuis,377.14,14.48,HET
Umbellosphaera tenuis,336.52,7.41,HET
Umbellosphaera irregularis,1027.22,7.2,HET
Umbellosphaera tenuis,446.23,6.86,HET
Umbellosphaera tenuis,308.53,11.09,HET
Umbellosphaera tenuis,202.1,2.49,HET
Umbellosphaera tenuis,485.96,10.85,HET
Umbellosphaera irregularis,1019.15,20.63,HET
Umbellosphaera irregularis,1360.47,10.81,HET
Umbellosphaera tenuis,293.96,4.44,HET
Umbellosphaera tenuis,326.23,8.3,HET
Umbellosphaera tenuis,365.93,8.67,HET
Umbellosphaera tenuis,402.71,9.81,HET
Umbellosphaera tenuis,356.38,11.93,HET
Umbellosphaera tenuis,273.25,6.3,HET
Umbellosphaera tenuis,508.42,10.21,HET
Umbellosphaera irregularis,466.34,8.03,HET
Umbellosphaera irregularis,547.35,7.97,HET
Umbellosphaera tenuis,699.21,9.61,HET
Umbellosphaera tenuis,457.09,6.77,HET
Umbellosphaera tenuis,254.63,4.96,HET
Umbellosphaera tenuis,475.98,12.63,HET
Umbellosphaera tenuis,336.16,11.07,HET
Umbellosphaera irregularis,605.95,16.79,HET
Umbellosphaera irregularis,918.75,11.08,HET
Umbellosphaera irregularis,936.59,12.39,HET
Umbellosphaera irregularis,1152.61,13.35,HET
Umbellosphaera irregularis,889.04,3.34,HET
Umbellosphaera irregularis,407.95,7.14,HET
Umbellosphaera irregularis,277.86,5.51,HET
Umbellosphaera irregularis,324.67,6.16,HET
Umbellosphaera irregularis,732.67,15.47,HET
Umbellosphaera irregularis,158.23,3.79,HET
Umbellosphaera tenuis,111.56,2.92,HET
Umbellosphaera tenuis,220.46,2.4,HET
Umbellosphaera tenuis,360.64,3.16,HET
Umbellosphaera tenuis,265.8,1.92,HET
Umbellosphaera tenuis,273.84,1.84,HET
Umbellosphaera tenuis,398.78,6.3,HET
Umbellosphaera tenuis,342.18,2.32,HET
Umbellosphaera tenuis,543.85,4.61,HET
Umbellosphaera irregularis,831.85,0.13,HET
Umbellosphaera tenuis,379.92,2.15,HET
Umbellosphaera tenuis,278.26,0.88,HET
Umbellosphaera tenuis,341.71,3.48,HET
Umbellosphaera tenuis,245.52,2.89,HET
Umbellosphaera tenuis,594.26,3.59,HET
Umbellosphaera tenuis,541.07,4.35,HET
Umbellosphaera tenuis,166.02,1.23,HET
Umbellosphaera irregularis,118.26,0.09,HET
Umbellosphaera tenuis,328.96,2.34,HET
Umbellosphaera tenuis,289.96,3.11,HET
Umbellosphaera irregularis,547.03,6.66,HET
Umbellosphaera tenuis,328.64,5.56,HET
Umbellosphaera tenuis,218.96,3.01,HET
Umbellosphaera irregularis,849.62,0.14,HET
Umbellosphaera tenuis,149.42,5.06,HET
Umbellosphaera tenuis,98.12,7.74,HET
Umbellosphaera irregularis,729.9,9.53,HET
Umbellosphaera tenuis,254.06,7.19,HET
Umbellosphaera tenuis,349.03,11.26,HET
Umbellosphaera irregularis,1645.3,11.92,HET
Umbellosphaera tenuis,518.89,7.5,HET
Umbellosphaera tenuis,279.21,7.13,HET
Umbellosphaera tenuis,321.67,8.27,HET
Umbellosphaera tenuis,581.68,8.93,HET
Umbellosphaera tenuis,422.47,15.21,HET
Umbellosphaera tenuis,406.62,8.13,HET
Umbellosphaera irregularis,486.55,13.34,HET
Umbellosphaera tenuis,313.15,8.52,HET
Umbellosphaera irregularis,359.38,15.17,HET
Umbellosphaera irregularis,1134.52,13.45,HET
Umbellosphaera tenuis,339.88,10.13,HET
Umbellosphaera irregularis,1161.46,12.37,HET
Umbellosphaera tenuis,259.01,12.84,HET
Umbellosphaera irregularis,591.04,14.78,HET
Umbellosphaera tenuis,473.61,6.31,HET
Umbellosphaera tenuis,458.23,10.86,HET
Umbellosphaera tenuis,217.1,21.87,HET
Umbellosphaera irregularis,1511.1,22.78,HET
Umbellosphaera irregularis,623.14,19.77,HET
Umbellosphaera irregularis,1028.54,16.94,HET
Umbellosphaera tenuis,267.59,5.63,HET
Umbellosphaera tenuis,241.23,6.35,HET
Umbellosphaera irregularis,1229.04,33.37,HET
Umbellosphaera irregularis,1587.49,40.65,HET
Umbilicosphaera sibogae,1597.68,97.35,HET
Umbilicosphaera sibogae,3514.55,249.45,HET
Umbilicosphaera hulburtiana,328.52,27.11,HET
Umbilicosphaera hulburtiana,389.76,65.3,HET
Umbilicosphaera hulburtiana,422.52,32.54,HET
Umbilicosphaera hulburtiana,526.72,56.58,HET
Umbilicosphaera hulburtiana,377.93,21.52,HET
Umbilicosphaera hulburtiana,325.38,17.27,HET
Umbilicosphaera hulburtiana,399.74,30.44,HET
Umbilicosphaera hulburtiana,537.26,51.95,HET
Umbilicosphaera hulburtiana,502.9,60.48,HET
Umbilicosphaera hulburtiana,446.37,47.09,HET
Umbilicosphaera hulburtiana,374.76,46.29,HET
Umbilicosphaera hulburtiana,381.04,37.08,HET
Umbilicosphaera hulburtiana,484.93,40.03,HET
Umbilicosphaera hulburtiana,277.98,26.09,HET
Umbilicosphaera hulburtiana,666.39,43.64,HET
Umbilicosphaera hulburtiana,403.4,36.34,HET
Umbilicosphaera hulburtiana,582.88,50.76,HET
Umbilicosphaera hulburtiana,387.3,33.0,HET
Umbilicosphaera hulburtiana,331.06,39.09,HET
Umbilicosphaera hulburtiana,393.53,25.28,HET
Umbilicosphaera hulburtiana,852.32,49.32,HET
Umbilicosphaera hulburtiana,506.66,49.52,HET
Umbilicosphaera hulburtiana,453.16,22.76,HET
Umbilicosphaera hulburtiana,448.17,45.95,HET
Umbilicosphaera hulburtiana,481.98,45.57,HET
Umbilicosphaera hulburtiana,872.01,77.12,HET
Umbilicosphaera hulburtiana,626.7,51.09,HET
Umbilicosphaera hulburtiana,509.03,59.27,HET
Umbilicosphaera hulburtiana,296.81,27.05,HET
Umbilicosphaera hulburtiana,256.87,21.43,HET
Umbilicosphaera hulburtiana,314.27,22.34,HET
Umbilicosphaera hulburtiana,547.48,46.61,HET
Umbilicosphaera hulburtiana,858.69,44.71,HET
Umbilicosphaera hulburtiana,772.29,50.72,HET
Umbilicosphaera hulburtiana,419.26,37.81,HET
Umbilicosphaera hulburtiana,490.7,23.5,HET
Umbilicosphaera hulburtiana,296.28,16.41,HET
Umbilicosphaera hulburtiana,439.21,44.98,HET
Umbilicosphaera hulburtiana,564.35,31.79,HET
Umbilicosphaera hulburtiana,355.97,32.45,HET
Umbilicosphaera hulburtiana,338.1,42.47,HET
Umbilicosphaera hulburtiana,458.57,39.36,HET
Umbilicosphaera hulburtiana,439.49,25.95,HET
Umbilicosphaera hulburtiana,319.79,22.38,HET
Umbilicosphaera hulburtiana,378.88,30.12,HET
Umbilicosphaera hulburtiana,473.3,27.87,HET
Umbilicosphaera hulburtiana,265.13,16.17,HET
Umbilicosphaera hulburtiana,442.7,34.24,HET
Umbilicosphaera hulburtiana,308.69,21.08,HET
Umbilicosphaera sibogae,10095.28,252.44,HET
